ts,time,wall_time,mp_count.O+,real_count.O+,px.O+,py.O+,pz.O+,KE.O+,PE,E_total
0,1e-07,0.0334888,4375,437500,4.69124e-21,2.25958e-21,0,2.96911e-21,1.44642e-11,1.44642e-11
1,2e-07,0.124894,8750,875000,9.28879e-21,4.5361e-21,0,5.86671e-21,1.44638e-11,1.44638e-11
2,3e-07,0.163325,13125,1.3125e+06,1.39212e-20,6.85233e-21,0,8.83677e-21,1.44633e-11,1.44633e-11
3,4e-07,0.23022,17500,1.75e+06,1.84656e-20,9.06638e-21,0,1.16837e-20,1.44628e-11,1.44628e-11
4,5e-07,0.281606,21875,2.1875e+06,2.2988e-20,1.13386e-20,0,1.4557e-20,1.44624e-11,1.44624e-11
5,6e-07,0.346245,26250,2.625e+06,2.75827e-20,1.36298e-20,0,1.7496e-20,1.44619e-11,1.44619e-11
6,7e-07,0.407843,30625,3.0625e+06,3.21359e-20,1.57859e-20,0,2.03396e-20,1.44614e-11,1.44614e-11
7,8e-07,0.45738,35000,3.5e+06,3.66662e-20,1.79024e-20,0,2.31417e-20,1.44609e-11,1.44609e-11
8,9e-07,0.551934,39375,3.9375e+06,4.1065e-20,2.0299e-20,0,2.60137e-20,1.44604e-11,1.44604e-11
9,1e-06,0.63996,43750,4.375e+06,4.56958e-20,2.25759e-20,0,2.89829e-20,1.446e-11,1.446e-11
10,1.1e-06,0.705686,48125,4.8125e+06,5.03985e-20,2.48285e-20,0,3.19757e-20,1.44595e-11,1.44595e-11
11,1.2e-06,0.854054,52500,5.25e+06,5.4804e-20,2.71576e-20,0,3.47573e-20,1.4459e-11,1.4459e-11
12,1.3e-06,0.918107,56875,5.6875e+06,5.91901e-20,2.94619e-20,0,3.75984e-20,1.44585e-11,1.44585e-11
13,1.4e-06,0.985868,61250,6.125e+06,6.40737e-20,3.17146e-20,0,4.06772e-20,1.4458e-11,1.4458e-11
14,1.5e-06,1.08044,65625,6.5625e+06,6.84401e-20,3.3815e-20,0,4.33293e-20,1.44575e-11,1.44575e-11
15,1.6e-06,1.15615,70000,7e+06,7.30871e-20,3.63096e-20,0,4.64579e-20,1.4457e-11,1.4457e-11
16,1.7e-06,1.24104,74375,7.4375e+06,7.76739e-20,3.85418e-20,0,4.93283e-20,1.44566e-11,1.44566e-11
17,1.8e-06,1.32551,78750,7.875e+06,8.21035e-20,4.08952e-20,0,5.22188e-20,1.44561e-11,1.44561e-11
18,1.9e-06,1.40312,83125,8.3125e+06,8.67109e-20,4.33197e-20,0,5.525e-20,1.44556e-11,1.44556e-11
19,2e-06,1.55352,87500,8.75e+06,9.11817e-20,4.54272e-20,0,5.80235e-20,1.44551e-11,1.44551e-11
20,2.1e-06,1.73308,91875,9.1875e+06,9.58716e-20,4.76172e-20,0,6.09119e-20,1.44546e-11,1.44546e-11
21,2.2e-06,1.93574,96250,9.625e+06,1.00285e-19,4.98751e-20,0,6.37228e-20,1.44541e-11,1.44541e-11
22,2.3e-06,2.08258,100625,1.00625e+07,1.04736e-19,5.23605e-20,0,6.66865e-20,1.44536e-11,1.44536e-11
23,2.4e-06,2.27065,105000,1.05e+07,1.09289e-19,5.43466e-20,0,6.93806e-20,1.44531e-11,1.44531e-11
24,2.5e-06,2.36639,109375,1.09375e+07,1.13803e-19,5.67249e-20,0,7.23479e-20,1.44526e-11,1.44526e-11
25,2.6e-06,2.45743,113750,1.1375e+07,1.18538e-19,5.89536e-20,0,7.53106e-20,1.44521e-11,1.44521e-11
26,2.7e-06,2.54731,118125,1.18125e+07,1.23046e-19,6.11884e-20,0,7.81325e-20,1.44516e-11,1.44516e-11
27,2.8e-06,2.65797,122500,1.225e+07,1.2784e-19,6.33783e-20,0,8.11675e-20,1.44511e-11,1.44511e-11
28,2.9e-06,2.7545,126875,1.26875e+07,1.32328e-19,6.57036e-20,0,8.40395e-20,1.44506e-11,1.44506e-11
29,3e-06,2.85812,131250,1.3125e+07,1.36986e-19,6.80822e-20,0,8.70498e-20,1.44501e-11,1.44501e-11
30,3.1e-06,2.98134,135625,1.35625e+07,1.41537e-19,7.02935e-20,0,8.98487e-20,1.44496e-11,1.44496e-11
31,3.2e-06,3.11305,140000,1.4e+07,1.4616e-19,7.2558e-20,0,9.27875e-20,1.44491e-11,1.44491e-11
32,3.3e-06,3.2329,144375,1.44375e+07,1.50812e-19,7.47488e-20,0,9.57005e-20,1.44486e-11,1.44486e-11
33,3.4e-06,3.42204,148750,1.4875e+07,1.55226e-19,7.72582e-20,0,9.87275e-20,1.44481e-11,1.44481e-11
34,3.5e-06,3.51872,153125,1.53125e+07,1.5961e-19,7.91736e-20,0,1.01279e-19,1.44476e-11,1.44476e-11
35,3.6e-06,3.61327,157500,1.575e+07,1.63994e-19,8.20236e-20,0,1.04401e-19,1.44471e-11,1.44471e-11
36,3.7e-06,3.71272,161875,1.61875e+07,1.68663e-19,8.41859e-20,0,1.07283e-19,1.44466e-11,1.44466e-11
37,3.8e-06,3.81177,166250,1.6625e+07,1.73433e-19,8.64593e-20,0,1.1036e-19,1.44461e-11,1.44461e-11
38,3.9e-06,3.91972,170625,1.70625e+07,1.77922e-19,8.87405e-20,0,1.13159e-19,1.44456e-11,1.44456e-11
39,4e-06,4.02491,175000,1.75e+07,1.82176e-19,9.11693e-20,0,1.15956e-19,1.4445e-11,1.4445e-11
40,4.1e-06,4.17099,179375,1.79375e+07,1.87389e-19,9.33197e-20,0,1.19237e-19,1.44445e-11,1.44445e-11
41,4.2e-06,4.54301,183750,1.8375e+07,1.91887e-19,9.56483e-20,0,1.221e-19,1.4444e-11,1.4444e-11
42,4.3e-06,4.86098,188125,1.88125e+07,1.96213e-19,9.79848e-20,0,1.24824e-19,1.44435e-11,1.44435e-11
43,4.4e-06,5.26365,192500,1.925e+07,2.01426e-19,1.00459e-19,0,1.28315e-19,1.4443e-11,1.4443e-11
44,4.5e-06,5.62988,196875,1.96875e+07,2.0559e-19,1.02167e-19,0,1.3059e-19,1.44425e-11,1.44425e-11
45,4.6e-06,6.00669,201250,2.0125e+07,2.10356e-19,1.0446e-19,0,1.33588e-19,1.4442e-11,1.4442e-11
46,4.7e-06,6.38596,205625,2.05625e+07,2.1503e-19,1.0695e-19,0,1.36718e-19,1.44414e-11,1.44414e-11
47,4.8e-06,6.80542,210000,2.1e+07,2.19572e-19,1.08939e-19,0,1.39372e-19,1.44409e-11,1.44409e-11
48,4.9e-06,7.17117,214375,2.14375e+07,2.23996e-19,1.11532e-19,0,1.42451e-19,1.44404e-11,1.44404e-11
49,5e-06,7.51726,218750,2.1875e+07,2.28818e-19,1.13796e-19,0,1.45507e-19,1.44399e-11,1.44399e-11
50,5.1e-06,7.8092,223125,2.23125e+07,2.33126e-19,1.1625e-19,0,1.48255e-19,1.44394e-11,1.44394e-11
51,5.2e-06,8.10468,227500,2.275e+07,2.37355e-19,1.18733e-19,0,1.51157e-19,1.44388e-11,1.44388e-11
52,5.3e-06,8.35564,231875,2.31875e+07,2.41859e-19,1.20697e-19,0,1.53839e-19,1.44383e-11,1.44383e-11
53,5.4e-06,8.61396,236250,2.3625e+07,2.46661e-19,1.23145e-19,0,1.56959e-19,1.44378e-11,1.44378e-11
54,5.5e-06,8.8758,240625,2.40625e+07,2.51113e-19,1.25498e-19,0,1.59859e-19,1.44373e-11,1.44373e-11
55,5.6e-06,9.14518,245000,2.45e+07,2.55539e-19,1.27449e-19,0,1.62489e-19,1.44368e-11,1.44368e-11
56,5.7e-06,9.41427,249375,2.49375e+07,2.60382e-19,1.29777e-19,0,1.65563e-19,1.44362e-11,1.44362e-11
57,5.8e-06,9.65028,253750,2.5375e+07,2.64798e-19,1.32252e-19,0,1.68539e-19,1.44357e-11,1.44357e-11
58,5.9e-06,9.89438,258125,2.58125e+07,2.69369e-19,1.34658e-19,0,1.71554e-19,1.44352e-11,1.44352e-11
59,6e-06,10.16,262500,2.625e+07,2.74036e-19,1.37085e-19,0,1.74612e-19,1.44346e-11,1.44346e-11
60,6.1e-06,10.417,266875,2.66875e+07,2.78373e-19,1.39203e-19,0,1.77217e-19,1.44341e-11,1.44341e-11
61,6.2e-06,10.7147,271250,2.7125e+07,2.83168e-19,1.41621e-19,0,1.8035e-19,1.44336e-11,1.44336e-11
62,6.3e-06,10.9965,275625,2.75625e+07,2.88047e-19,1.43532e-19,0,1.83164e-19,1.44331e-11,1.44331e-11
63,6.4e-06,11.2636,280000,2.8e+07,2.92378e-19,1.45872e-19,0,1.86035e-19,1.44325e-11,1.44325e-11
64,6.5e-06,11.5369,284375,2.84375e+07,2.96895e-19,1.4806e-19,0,1.88824e-19,1.4432e-11,1.4432e-11
65,6.6e-06,11.7762,288750,2.8875e+07,3.01607e-19,1.50569e-19,0,1.91969e-19,1.44315e-11,1.44315e-11
66,6.7e-06,12.0165,293125,2.93125e+07,3.05727e-19,1.5293e-19,0,1.94689e-19,1.44309e-11,1.44309e-11
67,6.8e-06,12.2899,297500,2.975e+07,3.10681e-19,1.554e-19,0,1.97906e-19,1.44304e-11,1.44304e-11
68,6.9e-06,12.5214,301875,3.01875e+07,3.15072e-19,1.57212e-19,0,2.00425e-19,1.44299e-11,1.44299e-11
69,7e-06,12.7643,306250,3.0625e+07,3.19963e-19,1.59215e-19,0,2.03334e-19,1.44293e-11,1.44293e-11
70,7.1e-06,13.2561,310625,3.10625e+07,3.2466e-19,1.61834e-19,0,2.06556e-19,1.44288e-11,1.44288e-11
71,7.2e-06,13.8585,315000,3.15e+07,3.29181e-19,1.63978e-19,0,2.09295e-19,1.44283e-11,1.44283e-11
72,7.3e-06,14.4148,319375,3.19375e+07,3.33544e-19,1.66532e-19,0,2.12227e-19,1.44277e-11,1.44277e-11
73,7.4e-06,14.9524,323750,3.2375e+07,3.37922e-19,1.68436e-19,0,2.14784e-19,1.44272e-11,1.44272e-11
74,7.5e-06,15.5228,328125,3.28125e+07,3.42279e-19,1.71119e-19,0,2.1784e-19,1.44267e-11,1.44267e-11
75,7.6e-06,16.0339,332500,3.325e+07,3.47177e-19,1.72852e-19,0,2.20569e-19,1.44261e-11,1.44261e-11
76,7.7e-06,16.4758,336875,3.36875e+07,3.52063e-19,1.7564e-19,0,2.24011e-19,1.44256e-11,1.44256e-11
77,7.8e-06,16.9133,341250,3.4125e+07,3.56766e-19,1.77843e-19,0,2.27007e-19,1.4425e-11,1.4425e-11
78,7.9e-06,17.2981,345625,3.45625e+07,3.61309e-19,1.80218e-19,0,2.29913e-19,1.44245e-11,1.44245e-11
79,8e-06,17.6773,350000,3.5e+07,3.65676e-19,1.82148e-19,0,2.32478e-19,1.4424e-11,1.4424e-11
80,8.1e-06,18.0612,354375,3.54375e+07,3.70745e-19,1.84745e-19,0,2.36007e-19,1.44234e-11,1.44234e-11
81,8.2e-06,18.4402,358750,3.5875e+07,3.74714e-19,1.86686e-19,0,2.38258e-19,1.44229e-11,1.44229e-11
82,8.3e-06,18.8043,363125,3.63125e+07,3.7973e-19,1.89175e-19,0,2.41491e-19,1.44223e-11,1.44223e-11
83,8.4e-06,19.1661,367500,3.675e+07,3.84175e-19,1.91297e-19,0,2.44246e-19,1.44218e-11,1.44218e-11
84,8.5e-06,19.5157,371875,3.71875e+07,3.88161e-19,1.93558e-19,0,2.46785e-19,1.44213e-11,1.44213e-11
85,8.6e-06,19.8329,376250,3.7625e+07,3.93023e-19,1.96118e-19,0,2.50089e-19,1.44207e-11,1.44207e-11
86,8.7e-06,20.1457,380625,3.80625e+07,3.97238e-19,1.98342e-19,0,2.52773e-19,1.44202e-11,1.44202e-11
87,8.8e-06,20.4293,385000,3.85e+07,4.02068e-19,2.00546e-19,0,2.55777e-19,1.44196e-11,1.44196e-11
88,8.9e-06,20.7166,389375,3.89375e+07,4.0669e-19,2.02761e-19,0,2.58745e-19,1.44191e-11,1.44191e-11
89,9e-06,20.999,393750,3.9375e+07,4.11655e-19,2.04655e-19,0,2.61539e-19,1.44185e-11,1.44185e-11
90,9.1e-06,21.4812,398125,3.98125e+07,4.16313e-19,2.07095e-19,0,2.64628e-19,1.4418e-11,1.4418e-11
91,9.2e-06,22.2273,402500,4.025e+07,4.20268e-19,2.09186e-19,0,2.67016e-19,1.44174e-11,1.44174e-11
92,9.3e-06,22.9127,406875,4.06875e+07,4.25162e-19,2.11622e-19,0,2.70291e-19,1.44169e-11,1.44169e-11
93,9.4e-06,23.5735,411250,4.1125e+07,4.29557e-19,2.14016e-19,0,2.73174e-19,1.44163e-11,1.44163e-11
94,9.5e-06,24.2206,415625,4.15625e+07,4.34449e-19,2.16131e-19,0,2.76151e-19,1.44157e-11,1.44157e-11
95,9.6e-06,24.7631,420000,4.2e+07,4.38754e-19,2.18459e-19,0,2.78941e-19,1.44152e-11,1.44152e-11
96,9.7e-06,25.2902,424375,4.24375e+07,4.4347e-19,2.2086e-19,0,2.8195e-19,1.44146e-11,1.44146e-11
97,9.8e-06,25.7459,428750,4.2875e+07,4.47822e-19,2.23222e-19,0,2.84835e-19,1.44141e-11,1.44141e-11
98,9.9e-06,26.1528,433125,4.33125e+07,4.52123e-19,2.25211e-19,0,2.87458e-19,1.44135e-11,1.44135e-11
99,1e-05,26.5435,437500,4.375e+07,4.56745e-19,2.27695e-19,0,2.90404e-19,1.4413e-11,1.4413e-11
100,1.01e-05,26.9322,441875,4.41875e+07,4.61406e-19,2.29722e-19,0,2.93181e-19,1.44124e-11,1.44124e-11
101,1.02e-05,27.3436,446250,4.4625e+07,4.6635e-19,2.32561e-19,0,2.96784e-19,1.44118e-11,1.44119e-11
102,1.03e-05,27.721,450625,4.50625e+07,4.71153e-19,2.34448e-19,0,2.99538e-19,1.44113e-11,1.44113e-11
103,1.04e-05,28.082,455000,4.55e+07,4.75156e-19,2.36434e-19,0,3.01938e-19,1.44107e-11,1.44107e-11
104,1.05e-05,28.4288,459375,4.59375e+07,4.80652e-19,2.38668e-19,0,3.05479e-19,1.44102e-11,1.44102e-11
105,1.06e-05,28.7776,463750,4.6375e+07,4.84966e-19,2.41139e-19,0,3.08235e-19,1.44096e-11,1.44096e-11
106,1.07e-05,29.5768,468125,4.68125e+07,4.8923e-19,2.43658e-19,0,3.11132e-19,1.44091e-11,1.44091e-11
107,1.08e-05,30.4086,472500,4.725e+07,4.93839e-19,2.45717e-19,0,3.13958e-19,1.44085e-11,1.44085e-11
108,1.09e-05,31.19,476875,4.76875e+07,4.97943e-19,2.4821e-19,0,3.16713e-19,1.44079e-11,1.44079e-11
109,1.1e-05,31.8674,481250,4.8125e+07,5.02844e-19,2.50449e-19,0,3.19763e-19,1.44074e-11,1.44074e-11
110,1.11e-05,32.4301,485625,4.85625e+07,5.07648e-19,2.52606e-19,0,3.22739e-19,1.44068e-11,1.44068e-11
111,1.12e-05,32.9247,490000,4.9e+07,5.11843e-19,2.54871e-19,0,3.2541e-19,1.44062e-11,1.44062e-11
112,1.13e-05,33.3826,494375,4.94375e+07,5.16732e-19,2.5703e-19,0,3.28446e-19,1.44057e-11,1.44057e-11
113,1.14e-05,33.794,498750,4.9875e+07,5.20784e-19,2.59401e-19,0,3.31029e-19,1.44051e-11,1.44051e-11
114,1.15e-05,34.2266,503125,5.03125e+07,5.25056e-19,2.61979e-19,0,3.33956e-19,1.44045e-11,1.44045e-11
115,1.16e-05,34.6569,507500,5.075e+07,5.2965e-19,2.64139e-19,0,3.36875e-19,1.4404e-11,1.4404e-11
116,1.17e-05,35.1044,511875,5.11875e+07,5.34785e-19,2.66884e-19,0,3.40313e-19,1.44034e-11,1.44034e-11
117,1.18e-05,35.5205,516250,5.1625e+07,5.39307e-19,2.68909e-19,0,3.43065e-19,1.44028e-11,1.44028e-11
118,1.19e-05,35.8971,520625,5.20625e+07,5.44343e-19,2.71472e-19,0,3.4645e-19,1.44022e-11,1.44022e-11
119,1.2e-05,36.25,525000,5.25e+07,5.47885e-19,2.73014e-19,0,3.48243e-19,1.44017e-11,1.44017e-11
120,1.21e-05,36.9793,529375,5.29375e+07,5.52404e-19,2.75966e-19,0,3.51552e-19,1.44011e-11,1.44011e-11
121,1.22e-05,38.0164,533750,5.3375e+07,5.57394e-19,2.77966e-19,0,3.54623e-19,1.44005e-11,1.44005e-11
122,1.23e-05,38.8976,538125,5.38125e+07,5.61899e-19,2.8077e-19,0,3.57772e-19,1.44e-11,1.44e-11
123,1.24e-05,39.6835,542500,5.425e+07,5.67018e-19,2.82627e-19,0,3.60847e-19,1.43994e-11,1.43994e-11
124,1.25e-05,40.3081,546875,5.46875e+07,5.71542e-19,2.84238e-19,0,3.63184e-19,1.43988e-11,1.43988e-11
125,1.26e-05,40.8557,551250,5.5125e+07,5.75648e-19,2.8738e-19,0,3.66381e-19,1.43982e-11,1.43982e-11
126,1.27e-05,41.3771,555625,5.55625e+07,5.79366e-19,2.8941e-19,0,3.68641e-19,1.43976e-11,1.43976e-11
127,1.28e-05,41.848,560000,5.6e+07,5.84629e-19,2.91477e-19,0,3.71808e-19,1.43971e-11,1.43971e-11
128,1.29e-05,42.3348,564375,5.64375e+07,5.88863e-19,2.9383e-19,0,3.74596e-19,1.43965e-11,1.43965e-11
129,1.3e-05,42.8193,568750,5.6875e+07,5.93635e-19,2.9618e-19,0,3.77652e-19,1.43959e-11,1.43959e-11
130,1.31e-05,43.2534,573125,5.73125e+07,5.98586e-19,2.98047e-19,0,3.8053e-19,1.43953e-11,1.43953e-11
131,1.32e-05,43.6645,577500,5.775e+07,6.02974e-19,3.00746e-19,0,3.83652e-19,1.43948e-11,1.43948e-11
132,1.33e-05,44.0515,581875,5.81875e+07,6.07351e-19,3.02982e-19,0,3.86393e-19,1.43942e-11,1.43942e-11
133,1.34e-05,44.9078,586250,5.8625e+07,6.1255e-19,3.05724e-19,0,3.90062e-19,1.43936e-11,1.43936e-11
134,1.35e-05,45.9281,590625,5.90625e+07,6.15626e-19,3.07967e-19,0,3.91976e-19,1.4393e-11,1.4393e-11
135,1.36e-05,46.8136,595000,5.95e+07,6.20608e-19,3.10392e-19,0,3.95223e-19,1.43925e-11,1.43925e-11
136,1.37e-05,47.5339,599375,5.99375e+07,6.25201e-19,3.11972e-19,0,3.97645e-19,1.43918e-11,1.43918e-11
137,1.38e-05,48.1542,603750,6.0375e+07,6.29722e-19,3.1469e-19,0,4.0084e-19,1.43913e-11,1.43913e-11
138,1.39e-05,48.7264,608125,6.08125e+07,6.34225e-19,3.16494e-19,0,4.03479e-19,1.43907e-11,1.43907e-11
139,1.4e-05,49.245,612500,6.125e+07,6.38786e-19,3.18913e-19,0,4.06382e-19,1.43901e-11,1.43901e-11
140,1.41e-05,49.7726,616875,6.16875e+07,6.43969e-19,3.2162e-19,0,4.09991e-19,1.43895e-11,1.43895e-11
141,1.42e-05,50.3419,621250,6.2125e+07,6.48426e-19,3.23598e-19,0,4.12607e-19,1.43889e-11,1.43889e-11
142,1.43e-05,50.8556,625625,6.25625e+07,6.52341e-19,3.26137e-19,0,4.15249e-19,1.43883e-11,1.43883e-11
143,1.44e-05,51.329,630000,6.3e+07,6.56457e-19,3.28569e-19,0,4.17964e-19,1.43878e-11,1.43878e-11
144,1.45e-05,52.1053,634375,6.34375e+07,6.61542e-19,3.30576e-19,0,4.20967e-19,1.43872e-11,1.43872e-11
145,1.46e-05,53.1956,638750,6.3875e+07,6.66444e-19,3.33093e-19,0,4.24386e-19,1.43866e-11,1.43866e-11
146,1.47e-05,54.3274,643125,6.43125e+07,6.7099e-19,3.35047e-19,0,4.27011e-19,1.4386e-11,1.4386e-11
147,1.48e-05,55.4097,647500,6.475e+07,6.75902e-19,3.37659e-19,0,4.30319e-19,1.43854e-11,1.43854e-11
148,1.49e-05,56.2765,651875,6.51875e+07,6.8025e-19,3.39881e-19,0,4.33056e-19,1.43848e-11,1.43848e-11
149,1.5e-05,56.9877,656250,6.5625e+07,6.84753e-19,3.41684e-19,0,4.35529e-19,1.43842e-11,1.43842e-11
150,1.51e-05,57.6,660625,6.60625e+07,6.89904e-19,3.44354e-19,0,4.3918e-19,1.43836e-11,1.43836e-11
151,1.52e-05,58.2467,665000,6.65e+07,6.93317e-19,3.46372e-19,0,4.41077e-19,1.4383e-11,1.4383e-11
152,1.53e-05,58.9011,669375,6.69375e+07,6.98943e-19,3.49026e-19,0,4.44905e-19,1.43824e-11,1.43824e-11
153,1.54e-05,59.614,673750,6.7375e+07,7.03217e-19,3.50784e-19,0,4.47338e-19,1.43818e-11,1.43818e-11
154,1.55e-05,60.166,678125,6.78125e+07,7.06777e-19,3.53681e-19,0,4.49954e-19,1.43812e-11,1.43812e-11
155,1.56e-05,61.0287,682500,6.825e+07,7.1213e-19,3.55454e-19,0,4.53135e-19,1.43806e-11,1.43806e-11
156,1.57e-05,62.2365,686875,6.86875e+07,7.16089e-19,3.57803e-19,0,4.55711e-19,1.43801e-11,1.43801e-11
157,1.58e-05,63.3834,691250,6.9125e+07,7.20787e-19,3.60029e-19,0,4.58601e-19,1.43795e-11,1.43795e-11
158,1.59e-05,64.3585,695625,6.95625e+07,7.25401e-19,3.62374e-19,0,4.61667e-19,1.43788e-11,1.43788e-11
159,1.6e-05,65.2049,700000,7e+07,7.30937e-19,3.64141e-19,0,4.64815e-19,1.43782e-11,1.43782e-11
160,1.61e-05,65.8761,704375,7.04375e+07,7.34461e-19,3.67176e-19,0,4.67455e-19,1.43776e-11,1.43776e-11
161,1.62e-05,66.5288,708750,7.0875e+07,7.39285e-19,3.69283e-19,0,4.70415e-19,1.4377e-11,1.4377e-11
162,1.63e-05,67.1355,713125,7.13125e+07,7.43935e-19,3.71372e-19,0,4.73375e-19,1.43764e-11,1.43764e-11
163,1.64e-05,67.6788,717500,7.175e+07,7.48504e-19,3.737e-19,0,4.76294e-19,1.43758e-11,1.43758e-11
164,1.65e-05,68.1728,721875,7.21875e+07,7.53161e-19,3.76467e-19,0,4.79619e-19,1.43752e-11,1.43752e-11
165,1.66e-05,69.0778,726250,7.2625e+07,7.57935e-19,3.78363e-19,0,4.82406e-19,1.43746e-11,1.43746e-11
166,1.67e-05,70.3758,730625,7.30625e+07,7.621e-19,3.8079e-19,0,4.85083e-19,1.4374e-11,1.4374e-11
167,1.68e-05,71.5234,735000,7.35e+07,7.66675e-19,3.82679e-19,0,4.87688e-19,1.43734e-11,1.43734e-11
168,1.69e-05,72.3786,739375,7.39375e+07,7.71523e-19,3.85309e-19,0,4.91093e-19,1.43728e-11,1.43728e-11
169,1.7e-05,73.099,743750,7.4375e+07,7.75792e-19,3.86926e-19,0,4.93456e-19,1.43722e-11,1.43722e-11
170,1.71e-05,73.7098,748125,7.48125e+07,7.81e-19,3.89959e-19,0,4.97253e-19,1.43716e-11,1.43716e-11
171,1.72e-05,74.3622,752500,7.525e+07,7.85976e-19,3.91538e-19,0,4.99951e-19,1.43709e-11,1.4371e-11
172,1.73e-05,74.996,756875,7.56875e+07,7.8947e-19,3.93723e-19,0,5.02004e-19,1.43704e-11,1.43704e-11
173,1.74e-05,75.6368,761250,7.6125e+07,7.94575e-19,3.96187e-19,0,5.05387e-19,1.43698e-11,1.43698e-11
174,1.75e-05,76.2118,765625,7.65625e+07,7.99238e-19,3.98248e-19,0,5.08254e-19,1.43691e-11,1.43691e-11
175,1.76e-05,77.2938,770000,7.7e+07,8.03298e-19,4.00467e-19,0,5.1085e-19,1.43685e-11,1.43685e-11
176,1.77e-05,78.5554,774375,7.74375e+07,8.07964e-19,4.02974e-19,0,5.13854e-19,1.43679e-11,1.43679e-11
177,1.78e-05,79.5987,778750,7.7875e+07,8.12063e-19,4.05781e-19,0,5.16807e-19,1.43673e-11,1.43673e-11
178,1.79e-05,80.4163,783125,7.83125e+07,8.17405e-19,4.06785e-19,0,5.19418e-19,1.43667e-11,1.43667e-11
179,1.8e-05,81.1206,787500,7.875e+07,8.22e-19,4.09898e-19,0,5.22848e-19,1.43661e-11,1.43661e-11
180,1.81e-05,81.7897,791875,7.91875e+07,8.25866e-19,4.11802e-19,0,5.25162e-19,1.43654e-11,1.43654e-11
181,1.82e-05,82.5091,796250,7.9625e+07,8.30855e-19,4.15037e-19,0,5.28982e-19,1.43648e-11,1.43648e-11
182,1.83e-05,83.1674,800625,8.00625e+07,8.35303e-19,4.17141e-19,0,5.31512e-19,1.43642e-11,1.43642e-11
183,1.84e-05,83.8209,805000,8.05e+07,8.40498e-19,4.19017e-19,0,5.34698e-19,1.43636e-11,1.43636e-11
184,1.85e-05,84.9798,809375,8.09375e+07,8.44346e-19,4.2165e-19,0,5.37332e-19,1.4363e-11,1.4363e-11
185,1.86e-05,86.3565,813750,8.1375e+07,8.48236e-19,4.23869e-19,0,5.39727e-19,1.43623e-11,1.43623e-11
186,1.87e-05,87.5324,818125,8.18125e+07,8.53621e-19,4.26397e-19,0,5.43418e-19,1.43617e-11,1.43617e-11
187,1.88e-05,88.4539,822500,8.225e+07,8.59009e-19,4.2809e-19,0,5.46469e-19,1.43611e-11,1.43611e-11
188,1.89e-05,89.2407,826875,8.26875e+07,8.62446e-19,4.30927e-19,0,5.48955e-19,1.43605e-11,1.43605e-11
189,1.9e-05,90.049,831250,8.3125e+07,8.68229e-19,4.32546e-19,0,5.52149e-19,1.43598e-11,1.43598e-11
190,1.91e-05,90.7686,835625,8.35625e+07,8.72643e-19,4.35179e-19,0,5.55258e-19,1.43592e-11,1.43592e-11
191,1.92e-05,91.4474,840000,8.4e+07,8.76885e-19,4.36765e-19,0,5.57317e-19,1.43586e-11,1.43586e-11
192,1.93e-05,92.2052,844375,8.44375e+07,8.80878e-19,4.39474e-19,0,5.60369e-19,1.43579e-11,1.43579e-11
193,1.94e-05,93.5346,848750,8.4875e+07,8.86138e-19,4.41384e-19,0,5.63265e-19,1.43574e-11,1.43574e-11
194,1.95e-05,94.8784,853125,8.53125e+07,8.9152e-19,4.43607e-19,0,5.66738e-19,1.43567e-11,1.43567e-11
195,1.96e-05,96.1667,857500,8.575e+07,8.95405e-19,4.46394e-19,0,5.69557e-19,1.43561e-11,1.43561e-11
196,1.97e-05,97.5672,861875,8.61875e+07,8.99857e-19,4.48797e-19,0,5.72473e-19,1.43555e-11,1.43555e-11
197,1.98e-05,99.0592,866250,8.6625e+07,9.04316e-19,4.51227e-19,0,5.75494e-19,1.43548e-11,1.43548e-11
198,1.99e-05,100.232,870625,8.70625e+07,9.08507e-19,4.52869e-19,0,5.7753e-19,1.43542e-11,1.43542e-11
199,2e-05,101.109,875000,8.75e+07,9.12676e-19,4.55851e-19,0,5.80866e-19,1.43535e-11,1.43535e-11
200,2.01e-05,101.863,879375,8.79375e+07,9.17399e-19,4.57673e-19,0,5.83554e-19,1.43529e-11,1.43529e-11
201,2.02e-05,102.661,883750,8.8375e+07,9.22169e-19,4.59828e-19,0,5.86477e-19,1.43523e-11,1.43523e-11
202,2.03e-05,103.408,888125,8.88125e+07,9.26663e-19,4.6278e-19,0,5.89822e-19,1.43517e-11,1.43517e-11
203,2.04e-05,104.056,892500,8.925e+07,9.31661e-19,4.6507e-19,0,5.92958e-19,1.43511e-11,1.43511e-11
204,2.05e-05,105.14,896875,8.96875e+07,9.35308e-19,4.67029e-19,0,5.95114e-19,1.43504e-11,1.43504e-11
205,2.06e-05,106.686,901250,9.0125e+07,9.40125e-19,4.68913e-19,0,5.97849e-19,1.43498e-11,1.43498e-11
206,2.07e-05,107.959,905625,9.05625e+07,9.45086e-19,4.71765e-19,0,6.01426e-19,1.43491e-11,1.43491e-11
207,2.08e-05,108.954,910000,9.1e+07,9.49522e-19,4.73349e-19,0,6.03753e-19,1.43485e-11,1.43485e-11
208,2.09e-05,109.819,914375,9.14375e+07,9.54275e-19,4.75928e-19,0,6.07034e-19,1.43479e-11,1.43479e-11
209,2.1e-05,110.714,918750,9.1875e+07,9.59265e-19,4.78982e-19,0,6.10819e-19,1.43472e-11,1.43472e-11
210,2.11e-05,111.572,923125,9.23125e+07,9.63428e-19,4.80488e-19,0,6.12883e-19,1.43466e-11,1.43466e-11
211,2.12e-05,112.387,927500,9.275e+07,9.68518e-19,4.82852e-19,0,6.16188e-19,1.4346e-11,1.4346e-11
212,2.13e-05,113.725,931875,9.31875e+07,9.71889e-19,4.85269e-19,0,6.18306e-19,1.43453e-11,1.43453e-11
213,2.14e-05,115.155,936250,9.3625e+07,9.77044e-19,4.87035e-19,0,6.21332e-19,1.43447e-11,1.43447e-11
214,2.15e-05,116.574,940625,9.40625e+07,9.81238e-19,4.89424e-19,0,6.24026e-19,1.4344e-11,1.4344e-11
215,2.16e-05,118.023,945000,9.45e+07,9.85913e-19,4.91538e-19,0,6.2704e-19,1.43434e-11,1.43434e-11
216,2.17e-05,119.486,949375,9.49375e+07,9.90926e-19,4.93564e-19,0,6.29889e-19,1.43427e-11,1.43427e-11
217,2.18e-05,120.986,953750,9.5375e+07,9.95302e-19,4.96197e-19,0,6.32932e-19,1.43421e-11,1.43421e-11
218,2.19e-05,122.662,958125,9.58125e+07,1.00071e-18,4.98424e-19,0,6.36456e-19,1.43415e-11,1.43415e-11
219,2.2e-05,124.122,962500,9.625e+07,1.00472e-18,5.0078e-19,0,6.39017e-19,1.43408e-11,1.43408e-11
220,2.21e-05,125.366,966875,9.66875e+07,1.00883e-18,5.03132e-19,0,6.41586e-19,1.43402e-11,1.43402e-11
221,2.22e-05,126.388,971250,9.7125e+07,1.01334e-18,5.05756e-19,0,6.44737e-19,1.43395e-11,1.43395e-11
222,2.23e-05,127.272,975625,9.75625e+07,1.01718e-18,5.08023e-19,0,6.46991e-19,1.43389e-11,1.43389e-11
223,2.24e-05,128.081,980000,9.8e+07,1.0221e-18,5.10257e-19,0,6.50136e-19,1.43383e-11,1.43383e-11
224,2.25e-05,129.25,984375,9.84375e+07,1.02712e-18,5.12635e-19,0,6.53622e-19,1.43376e-11,1.43376e-11
225,2.26e-05,130.949,988750,9.8875e+07,1.03226e-18,5.14845e-19,0,6.56777e-19,1.4337e-11,1.4337e-11
226,2.27e-05,132.408,993125,9.93125e+07,1.03644e-18,5.17225e-19,0,6.59407e-19,1.43363e-11,1.43363e-11
227,2.28e-05,133.492,997500,9.975e+07,1.04025e-18,5.19337e-19,0,6.6177e-19,1.43357e-11,1.43357e-11
228,2.29e-05,134.459,1001875,1.00188e+08,1.04494e-18,5.22036e-19,0,6.65102e-19,1.4335e-11,1.4335e-11
229,2.3e-05,135.34,1006250,1.00625e+08,1.05006e-18,5.24123e-19,0,6.68222e-19,1.43344e-11,1.43344e-11
230,2.31e-05,136.176,1010625,1.01063e+08,1.05438e-18,5.26424e-19,0,6.70935e-19,1.43337e-11,1.43337e-11
231,2.32e-05,136.918,1015000,1.015e+08,1.05848e-18,5.28446e-19,0,6.7341e-19,1.43331e-11,1.43331e-11
232,2.33e-05,138.589,1019375,1.01938e+08,1.06361e-18,5.30203e-19,0,6.76373e-19,1.43324e-11,1.43324e-11
233,2.34e-05,140.231,1023750,1.02375e+08,1.06884e-18,5.32935e-19,0,6.7995e-19,1.43317e-11,1.43317e-11
234,2.35e-05,141.519,1028125,1.02813e+08,1.0732e-18,5.34947e-19,0,6.82556e-19,1.43311e-11,1.43311e-11
235,2.36e-05,142.782,1032500,1.0325e+08,1.07828e-18,5.37305e-19,0,6.85749e-19,1.43304e-11,1.43304e-11
236,2.37e-05,143.937,1036875,1.03688e+08,1.08247e-18,5.39726e-19,0,6.88581e-19,1.43298e-11,1.43298e-11
237,2.38e-05,144.907,1041250,1.04125e+08,1.0867e-18,5.42515e-19,0,6.91523e-19,1.43291e-11,1.43291e-11
238,2.39e-05,145.706,1045625,1.04563e+08,1.09127e-18,5.44754e-19,0,6.94504e-19,1.43285e-11,1.43285e-11
239,2.4e-05,146.967,1050000,1.05e+08,1.09561e-18,5.46463e-19,0,6.96792e-19,1.43278e-11,1.43278e-11
240,2.41e-05,148.703,1054375,1.05438e+08,1.10012e-18,5.49244e-19,0,6.99964e-19,1.43271e-11,1.43271e-11
241,2.42e-05,150.598,1058750,1.05875e+08,1.10453e-18,5.51744e-19,0,7.02939e-19,1.43265e-11,1.43265e-11
242,2.43e-05,152.16,1063125,1.06313e+08,1.1098e-18,5.54208e-19,0,7.06515e-19,1.43258e-11,1.43258e-11
243,2.44e-05,153.326,1067500,1.0675e+08,1.11355e-18,5.56539e-19,0,7.08855e-19,1.43252e-11,1.43252e-11
244,2.45e-05,154.361,1071875,1.07188e+08,1.1181e-18,5.58058e-19,0,7.11293e-19,1.43245e-11,1.43245e-11
245,2.46e-05,155.37,1076250,1.07625e+08,1.12344e-18,5.60774e-19,0,7.14878e-19,1.43239e-11,1.43239e-11
246,2.47e-05,156.325,1080625,1.08063e+08,1.12737e-18,5.63345e-19,0,7.1754e-19,1.43232e-11,1.43232e-11
247,2.48e-05,157.682,1085000,1.085e+08,1.13245e-18,5.65463e-19,0,7.20687e-19,1.43226e-11,1.43226e-11
248,2.49e-05,159.596,1089375,1.08938e+08,1.1364e-18,5.67913e-19,0,7.23306e-19,1.43219e-11,1.43219e-11
249,2.5e-05,160.956,1093750,1.09375e+08,1.14036e-18,5.70468e-19,0,7.26102e-19,1.43212e-11,1.43212e-11
250,2.51e-05,161.965,1098125,1.09813e+08,1.14553e-18,5.715e-19,0,7.28542e-19,1.43205e-11,1.43205e-11
251,2.52e-05,162.924,1102500,1.1025e+08,1.15072e-18,5.74176e-19,0,7.32188e-19,1.43199e-11,1.43199e-11
252,2.53e-05,163.86,1106875,1.10688e+08,1.15488e-18,5.77002e-19,0,7.35122e-19,1.43192e-11,1.43192e-11
253,2.54e-05,164.68,1111250,1.11125e+08,1.15855e-18,5.78793e-19,0,7.37266e-19,1.43185e-11,1.43185e-11
254,2.55e-05,166.497,1115625,1.11563e+08,1.16405e-18,5.80783e-19,0,7.40422e-19,1.43179e-11,1.43179e-11
255,2.56e-05,168.063,1120000,1.12e+08,1.16868e-18,5.83021e-19,0,7.43268e-19,1.43172e-11,1.43172e-11
256,2.57e-05,169.223,1124375,1.12438e+08,1.1731e-18,5.85837e-19,0,7.46558e-19,1.43165e-11,1.43165e-11
257,2.58e-05,170.168,1128750,1.12875e+08,1.17723e-18,5.87524e-19,0,7.48772e-19,1.43159e-11,1.43159e-11
258,2.59e-05,171,1133125,1.13313e+08,1.18247e-18,5.89608e-19,0,7.52018e-19,1.43152e-11,1.43152e-11
259,2.6e-05,171.755,1137500,1.1375e+08,1.18573e-18,5.92039e-19,0,7.54194e-19,1.43145e-11,1.43145e-11
260,2.61e-05,172.46,1141875,1.14188e+08,1.19183e-18,5.94943e-19,0,7.58529e-19,1.43138e-11,1.43138e-11
261,2.62e-05,174.365,1146250,1.14625e+08,1.19685e-18,5.97075e-19,0,7.61582e-19,1.43132e-11,1.43132e-11
262,2.63e-05,175.876,1150625,1.15063e+08,1.20024e-18,5.99465e-19,0,7.63782e-19,1.43125e-11,1.43125e-11
263,2.64e-05,177.009,1155000,1.155e+08,1.2044e-18,6.01416e-19,0,7.66209e-19,1.43118e-11,1.43118e-11
264,2.65e-05,177.98,1159375,1.15938e+08,1.20936e-18,6.03514e-19,0,7.69236e-19,1.43111e-11,1.43111e-11
265,2.66e-05,178.941,1163750,1.16375e+08,1.21426e-18,6.06204e-19,0,7.72717e-19,1.43105e-11,1.43105e-11
266,2.67e-05,179.78,1168125,1.16813e+08,1.21863e-18,6.07635e-19,0,7.74986e-19,1.43098e-11,1.43098e-11
267,2.68e-05,181.476,1172500,1.1725e+08,1.22377e-18,6.10332e-19,0,7.78515e-19,1.43091e-11,1.43091e-11
268,2.69e-05,183.221,1176875,1.17688e+08,1.22786e-18,6.12265e-19,0,7.80693e-19,1.43084e-11,1.43084e-11
269,2.7e-05,184.44,1181250,1.18125e+08,1.23258e-18,6.14512e-19,0,7.83847e-19,1.43077e-11,1.43077e-11
270,2.71e-05,185.471,1185625,1.18563e+08,1.23714e-18,6.17379e-19,0,7.87108e-19,1.4307e-11,1.4307e-11
271,2.72e-05,186.399,1190000,1.19e+08,1.24214e-18,6.19187e-19,0,7.89898e-19,1.43063e-11,1.43063e-11
272,2.73e-05,187.277,1194375,1.19438e+08,1.24658e-18,6.22254e-19,0,7.93307e-19,1.43057e-11,1.43057e-11
273,2.74e-05,188.524,1198750,1.19875e+08,1.25048e-18,6.24857e-19,0,7.96061e-19,1.4305e-11,1.4305e-11
274,2.75e-05,190.571,1203125,1.20313e+08,1.25575e-18,6.27068e-19,0,7.9935e-19,1.43043e-11,1.43043e-11
275,2.76e-05,191.944,1207500,1.2075e+08,1.26004e-18,6.29342e-19,0,8.02003e-19,1.43036e-11,1.43036e-11
276,2.77e-05,193.094,1211875,1.21188e+08,1.26475e-18,6.30719e-19,0,8.04551e-19,1.4303e-11,1.4303e-11
277,2.78e-05,194.144,1216250,1.21625e+08,1.26801e-18,6.33509e-19,0,8.06642e-19,1.43023e-11,1.43023e-11
278,2.79e-05,195.155,1220625,1.22063e+08,1.27301e-18,6.3603e-19,0,8.10305e-19,1.43016e-11,1.43016e-11
279,2.8e-05,196.342,1225000,1.225e+08,1.27805e-18,6.37914e-19,0,8.13125e-19,1.43009e-11,1.43009e-11
280,2.81e-05,198.473,1229375,1.22938e+08,1.28294e-18,6.39918e-19,0,8.16123e-19,1.43002e-11,1.43002e-11
281,2.82e-05,200.148,1233750,1.23375e+08,1.2877e-18,6.41776e-19,0,8.18735e-19,1.42995e-11,1.42995e-11
282,2.83e-05,201.402,1238125,1.23813e+08,1.29136e-18,6.44923e-19,0,8.21771e-19,1.42988e-11,1.42988e-11
283,2.84e-05,202.612,1242500,1.2425e+08,1.296e-18,6.46655e-19,0,8.24473e-19,1.42982e-11,1.42982e-11
284,2.85e-05,203.661,1246875,1.24688e+08,1.30014e-18,6.48844e-19,0,8.26857e-19,1.42974e-11,1.42974e-11
285,2.86e-05,205.411,1251250,1.25125e+08,1.30542e-18,6.52403e-19,0,8.31087e-19,1.42967e-11,1.42967e-11
286,2.87e-05,207.365,1255625,1.25563e+08,1.31004e-18,6.54246e-19,0,8.33705e-19,1.42961e-11,1.42961e-11
287,2.88e-05,208.713,1260000,1.26e+08,1.31472e-18,6.55835e-19,0,8.36221e-19,1.42954e-11,1.42954e-11
288,2.89e-05,209.768,1264375,1.26438e+08,1.31879e-18,6.58543e-19,0,8.39114e-19,1.42947e-11,1.42947e-11
289,2.9e-05,210.707,1268750,1.26875e+08,1.32437e-18,6.60565e-19,0,8.42641e-19,1.4294e-11,1.4294e-11
290,2.91e-05,211.546,1273125,1.27313e+08,1.32825e-18,6.63147e-19,0,8.4503e-19,1.42933e-11,1.42933e-11
291,2.92e-05,213.617,1277500,1.2775e+08,1.33215e-18,6.64685e-19,0,8.47349e-19,1.42926e-11,1.42926e-11
292,2.93e-05,215.27,1281875,1.28188e+08,1.33721e-18,6.67832e-19,0,8.50879e-19,1.42919e-11,1.42919e-11
293,2.94e-05,216.502,1286250,1.28625e+08,1.34088e-18,6.69401e-19,0,8.52811e-19,1.42912e-11,1.42912e-11
294,2.95e-05,217.605,1290625,1.29063e+08,1.34739e-18,6.71802e-19,0,8.57197e-19,1.42905e-11,1.42905e-11
295,2.96e-05,218.653,1295000,1.295e+08,1.3511e-18,6.74204e-19,0,8.59482e-19,1.42898e-11,1.42898e-11
296,2.97e-05,220.172,1299375,1.29938e+08,1.35567e-18,6.7682e-19,0,8.62774e-19,1.42891e-11,1.42891e-11
297,2.98e-05,222.331,1303750,1.30375e+08,1.35992e-18,6.79036e-19,0,8.65376e-19,1.42884e-11,1.42884e-11
298,2.99e-05,223.816,1308125,1.30813e+08,1.36435e-18,6.81975e-19,0,8.68509e-19,1.42877e-11,1.42877e-11
299,3e-05,225.036,1312500,1.3125e+08,1.37012e-18,6.83538e-19,0,8.71718e-19,1.4287e-11,1.4287e-11
300,3.01e-05,226.062,1316875,1.31688e+08,1.37316e-18,6.86073e-19,0,8.73825e-19,1.42863e-11,1.42863e-11
301,3.02e-05,226.924,1321250,1.32125e+08,1.37811e-18,6.8796e-19,0,8.76758e-19,1.42856e-11,1.42856e-11
302,3.03e-05,228.727,1325625,1.32563e+08,1.38308e-18,6.89779e-19,0,8.79644e-19,1.42849e-11,1.42849e-11
303,3.04e-05,230.657,1330000,1.33e+08,1.38759e-18,6.92629e-19,0,8.82809e-19,1.42842e-11,1.42842e-11
304,3.05e-05,231.994,1334375,1.33438e+08,1.39173e-18,6.94628e-19,0,8.85397e-19,1.42835e-11,1.42835e-11
305,3.06e-05,233.136,1338750,1.33875e+08,1.39627e-18,6.96684e-19,0,8.88235e-19,1.42828e-11,1.42828e-11
306,3.07e-05,234.219,1343125,1.34313e+08,1.39998e-18,6.99523e-19,0,8.90961e-19,1.42821e-11,1.42821e-11
307,3.08e-05,235.708,1347500,1.3475e+08,1.40587e-18,7.02593e-19,0,8.95123e-19,1.42814e-11,1.42814e-11
308,3.09e-05,237.967,1351875,1.35188e+08,1.41046e-18,7.04796e-19,0,8.97992e-19,1.42807e-11,1.42807e-11
309,3.1e-05,239.608,1356250,1.35625e+08,1.41426e-18,7.05933e-19,0,8.99512e-19,1.428e-11,1.428e-11
310,3.11e-05,240.894,1360625,1.36063e+08,1.41952e-18,7.08558e-19,0,9.03204e-19,1.42792e-11,1.42792e-11
311,3.12e-05,242.128,1365000,1.365e+08,1.42264e-18,7.1059e-19,0,9.04973e-19,1.42785e-11,1.42785e-11
312,3.13e-05,243.213,1369375,1.36938e+08,1.42887e-18,7.12686e-19,0,9.08939e-19,1.42779e-11,1.42779e-11
313,3.14e-05,245.485,1373750,1.37375e+08,1.43329e-18,7.15397e-19,0,9.12104e-19,1.42771e-11,1.42771e-11
314,3.15e-05,247.525,1378125,1.37813e+08,1.43786e-18,7.17979e-19,0,9.14972e-19,1.42764e-11,1.42764e-11
315,3.16e-05,248.912,1382500,1.3825e+08,1.44194e-18,7.20163e-19,0,9.174e-19,1.42757e-11,1.42757e-11
316,3.17e-05,250.237,1386875,1.38688e+08,1.44687e-18,7.22172e-19,0,9.20628e-19,1.4275e-11,1.4275e-11
317,3.18e-05,251.444,1391250,1.39125e+08,1.4516e-18,7.24215e-19,0,9.23313e-19,1.42743e-11,1.42743e-11
318,3.19e-05,253.655,1395625,1.39563e+08,1.45588e-18,7.27409e-19,0,9.26708e-19,1.42736e-11,1.42736e-11
319,3.2e-05,255.659,1400000,1.4e+08,1.46058e-18,7.29404e-19,0,9.29558e-19,1.42728e-11,1.42729e-11
320,3.21e-05,257.124,1404375,1.40438e+08,1.4659e-18,7.31666e-19,0,9.32894e-19,1.42721e-11,1.42721e-11
321,3.22e-05,258.533,1408750,1.40875e+08,1.46935e-18,7.33721e-19,0,9.34919e-19,1.42714e-11,1.42715e-11
322,3.23e-05,259.711,1413125,1.41313e+08,1.4729e-18,7.35569e-19,0,9.36994e-19,1.42707e-11,1.42707e-11
323,3.24e-05,261.835,1417500,1.4175e+08,1.47825e-18,7.3864e-19,0,9.4078e-19,1.427e-11,1.427e-11
324,3.25e-05,263.638,1421875,1.42188e+08,1.48288e-18,7.40446e-19,0,9.43451e-19,1.42693e-11,1.42693e-11
325,3.26e-05,265.34,1426250,1.42625e+08,1.48694e-18,7.43077e-19,0,9.46301e-19,1.42686e-11,1.42686e-11
326,3.27e-05,267.87,1430625,1.43063e+08,1.49173e-18,7.45429e-19,0,9.49472e-19,1.42678e-11,1.42678e-11
327,3.28e-05,269.483,1435000,1.435e+08,1.49687e-18,7.47821e-19,0,9.52851e-19,1.42671e-11,1.42671e-11
328,3.29e-05,271.823,1439375,1.43938e+08,1.50205e-18,7.50196e-19,0,9.5609e-19,1.42664e-11,1.42664e-11
329,3.3e-05,273.569,1443750,1.44375e+08,1.50603e-18,7.51488e-19,0,9.57868e-19,1.42657e-11,1.42657e-11
330,3.31e-05,274.921,1448125,1.44813e+08,1.51027e-18,7.54365e-19,0,9.61081e-19,1.42649e-11,1.42649e-11
331,3.32e-05,276.162,1452500,1.4525e+08,1.51478e-18,7.56339e-19,0,9.63633e-19,1.42642e-11,1.42642e-11
332,3.33e-05,277.271,1456875,1.45688e+08,1.52011e-18,7.58359e-19,0,9.66925e-19,1.42635e-11,1.42635e-11
333,3.34e-05,279.681,1461250,1.46125e+08,1.52516e-18,7.61507e-19,0,9.70667e-19,1.42628e-11,1.42628e-11
334,3.35e-05,281.502,1465625,1.46563e+08,1.52937e-18,7.63627e-19,0,9.73243e-19,1.4262e-11,1.42621e-11
335,3.36e-05,282.901,1470000,1.47e+08,1.53319e-18,7.65914e-19,0,9.75737e-19,1.42613e-11,1.42613e-11
336,3.37e-05,284.311,1474375,1.47438e+08,1.53756e-18,7.68331e-19,0,9.78569e-19,1.42606e-11,1.42606e-11
337,3.38e-05,285.653,1478750,1.47875e+08,1.54337e-18,7.70777e-19,0,9.82445e-19,1.42599e-11,1.42599e-11
338,3.39e-05,288.158,1483125,1.48313e+08,1.54741e-18,7.72583e-19,0,9.84717e-19,1.42591e-11,1.42591e-11
339,3.4e-05,290.153,1487500,1.4875e+08,1.55266e-18,7.75521e-19,0,9.88454e-19,1.42584e-11,1.42584e-11
340,3.41e-05,291.668,1491875,1.49188e+08,1.55673e-18,7.77034e-19,0,9.90316e-19,1.42577e-11,1.42577e-11
341,3.42e-05,293.059,1496250,1.49625e+08,1.56098e-18,7.79677e-19,0,9.93604e-19,1.4257e-11,1.4257e-11
342,3.43e-05,294.279,1500625,1.50063e+08,1.56589e-18,7.81986e-19,0,9.96488e-19,1.42562e-11,1.42562e-11
343,3.44e-05,296.732,1505000,1.505e+08,1.57036e-18,7.84115e-19,0,9.99279e-19,1.42555e-11,1.42555e-11
344,3.45e-05,298.402,1509375,1.50938e+08,1.57487e-18,7.86912e-19,0,1.00245e-18,1.42548e-11,1.42548e-11
345,3.46e-05,299.649,1513750,1.51375e+08,1.57882e-18,7.88547e-19,0,1.00475e-18,1.4254e-11,1.4254e-11
346,3.47e-05,300.694,1518125,1.51813e+08,1.58381e-18,7.91198e-19,0,1.0081e-18,1.42533e-11,1.42533e-11
347,3.48e-05,301.723,1522500,1.5225e+08,1.58796e-18,7.92834e-19,0,1.0102e-18,1.42526e-11,1.42526e-11
348,3.49e-05,304.278,1526875,1.52688e+08,1.59271e-18,7.95327e-19,0,1.01345e-18,1.42518e-11,1.42518e-11
349,3.5e-05,306.242,1531250,1.53125e+08,1.59771e-18,7.96529e-19,0,1.01594e-18,1.42511e-11,1.42511e-11
350,3.51e-05,307.603,1535625,1.53563e+08,1.60158e-18,8.0056e-19,0,1.01951e-18,1.42504e-11,1.42504e-11
351,3.52e-05,308.881,1540000,1.54e+08,1.60702e-18,8.02022e-19,0,1.02238e-18,1.42496e-11,1.42496e-11
352,3.53e-05,310.514,1544375,1.54438e+08,1.61061e-18,8.05458e-19,0,1.02555e-18,1.42489e-11,1.42489e-11
353,3.54e-05,313.04,1548750,1.54875e+08,1.61536e-18,8.07455e-19,0,1.02817e-18,1.42482e-11,1.42482e-11
354,3.55e-05,314.799,1553125,1.55313e+08,1.62037e-18,8.09638e-19,0,1.0317e-18,1.42474e-11,1.42474e-11
355,3.56e-05,316.516,1557500,1.5575e+08,1.6247e-18,8.11504e-19,0,1.03389e-18,1.42467e-11,1.42467e-11
356,3.57e-05,317.998,1561875,1.56188e+08,1.62878e-18,8.1409e-19,0,1.03678e-18,1.42459e-11,1.42459e-11
357,3.58e-05,319.797,1566250,1.56625e+08,1.63355e-18,8.15853e-19,0,1.03942e-18,1.42452e-11,1.42452e-11
358,3.59e-05,322.307,1570625,1.57063e+08,1.63884e-18,8.18553e-19,0,1.04304e-18,1.42445e-11,1.42445e-11
359,3.6e-05,324.108,1575000,1.575e+08,1.64197e-18,8.20643e-19,0,1.04481e-18,1.42437e-11,1.42437e-11
360,3.61e-05,325.601,1579375,1.57938e+08,1.64722e-18,8.23012e-19,0,1.04841e-18,1.4243e-11,1.4243e-11
361,3.62e-05,327.203,1583750,1.58375e+08,1.65103e-18,8.25202e-19,0,1.05071e-18,1.42422e-11,1.42422e-11
362,3.63e-05,329.898,1588125,1.58813e+08,1.65607e-18,8.27885e-19,0,1.05412e-18,1.42415e-11,1.42415e-11
363,3.64e-05,331.713,1592500,1.5925e+08,1.6618e-18,8.30116e-19,0,1.05778e-18,1.42408e-11,1.42408e-11
364,3.65e-05,333.23,1596875,1.59688e+08,1.6657e-18,8.31633e-19,0,1.05988e-18,1.424e-11,1.424e-11
365,3.66e-05,334.547,1601250,1.60125e+08,1.6701e-18,8.34644e-19,0,1.06311e-18,1.42393e-11,1.42393e-11
366,3.67e-05,336.656,1605625,1.60563e+08,1.67473e-18,8.36189e-19,0,1.06546e-18,1.42385e-11,1.42385e-11
367,3.68e-05,339.352,1610000,1.61e+08,1.67908e-18,8.38994e-19,0,1.06865e-18,1.42378e-11,1.42378e-11
368,3.69e-05,341.217,1614375,1.61438e+08,1.6831e-18,8.40573e-19,0,1.07073e-18,1.4237e-11,1.4237e-11
369,3.7e-05,342.768,1618750,1.61875e+08,1.68876e-18,8.43303e-19,0,1.07476e-18,1.42363e-11,1.42363e-11
370,3.71e-05,344.221,1623125,1.62313e+08,1.69296e-18,8.46241e-19,0,1.0778e-18,1.42355e-11,1.42355e-11
371,3.72e-05,346.35,1627500,1.6275e+08,1.69731e-18,8.48438e-19,0,1.08051e-18,1.42348e-11,1.42348e-11
372,3.73e-05,348.796,1631875,1.63188e+08,1.70139e-18,8.51404e-19,0,1.08356e-18,1.4234e-11,1.4234e-11
373,3.74e-05,350.5,1636250,1.63625e+08,1.70628e-18,8.53503e-19,0,1.08658e-18,1.42333e-11,1.42333e-11
374,3.75e-05,351.958,1640625,1.64063e+08,1.71134e-18,8.54821e-19,0,1.08911e-18,1.42325e-11,1.42325e-11
375,3.76e-05,353.625,1645000,1.645e+08,1.71602e-18,8.57442e-19,0,1.09228e-18,1.42318e-11,1.42318e-11
376,3.77e-05,356.214,1649375,1.64938e+08,1.71935e-18,8.59989e-19,0,1.09473e-18,1.4231e-11,1.4231e-11
377,3.78e-05,357.891,1653750,1.65375e+08,1.72487e-18,8.61628e-19,0,1.0978e-18,1.42303e-11,1.42303e-11
378,3.79e-05,359.292,1658125,1.65813e+08,1.72849e-18,8.65101e-19,0,1.10072e-18,1.42295e-11,1.42295e-11
379,3.8e-05,361.514,1662500,1.6625e+08,1.73362e-18,8.66833e-19,0,1.1038e-18,1.42288e-11,1.42288e-11
380,3.81e-05,364.238,1666875,1.66688e+08,1.738e-18,8.69177e-19,0,1.10658e-18,1.4228e-11,1.4228e-11
381,3.82e-05,366.271,1671250,1.67125e+08,1.74167e-18,8.71189e-19,0,1.10874e-18,1.42273e-11,1.42273e-11
382,3.83e-05,367.739,1675625,1.67563e+08,1.74716e-18,8.74118e-19,0,1.11253e-18,1.42265e-11,1.42265e-11
383,3.84e-05,369.111,1680000,1.68e+08,1.75207e-18,8.76139e-19,0,1.11553e-18,1.42257e-11,1.42257e-11
384,3.85e-05,370.989,1684375,1.68438e+08,1.75652e-18,8.7751e-19,0,1.11785e-18,1.4225e-11,1.4225e-11
385,3.86e-05,373.636,1688750,1.68875e+08,1.76084e-18,8.79843e-19,0,1.1207e-18,1.42242e-11,1.42242e-11
386,3.87e-05,375.422,1693125,1.69313e+08,1.76551e-18,8.8268e-19,0,1.124e-18,1.42235e-11,1.42235e-11
387,3.88e-05,377.016,1697500,1.6975e+08,1.76903e-18,8.85231e-19,0,1.12629e-18,1.42227e-11,1.42227e-11
388,3.89e-05,378.5,1701875,1.70188e+08,1.77464e-18,8.86844e-19,0,1.12969e-18,1.42219e-11,1.42219e-11
389,3.9e-05,381.394,1706250,1.70625e+08,1.77908e-18,8.90207e-19,0,1.13293e-18,1.42212e-11,1.42212e-11
390,3.91e-05,383.574,1710625,1.71063e+08,1.78474e-18,8.91329e-19,0,1.13595e-18,1.42204e-11,1.42204e-11
391,3.92e-05,385.433,1715000,1.715e+08,1.78857e-18,8.94462e-19,0,1.13879e-18,1.42197e-11,1.42197e-11
392,3.93e-05,386.871,1719375,1.71938e+08,1.79329e-18,8.96501e-19,0,1.14173e-18,1.42189e-11,1.42189e-11
393,3.94e-05,389.626,1723750,1.72375e+08,1.79697e-18,8.98839e-19,0,1.14426e-18,1.42181e-11,1.42181e-11
394,3.95e-05,391.516,1728125,1.72813e+08,1.80245e-18,9.00743e-19,0,1.14743e-18,1.42174e-11,1.42174e-11
395,3.96e-05,393.085,1732500,1.7325e+08,1.80659e-18,9.03431e-19,0,1.15007e-18,1.42166e-11,1.42166e-11
396,3.97e-05,394.386,1736875,1.73688e+08,1.80969e-18,9.05909e-19,0,1.15235e-18,1.42159e-11,1.42159e-11
397,3.98e-05,396.801,1741250,1.74125e+08,1.81563e-18,9.07912e-19,0,1.15599e-18,1.42151e-11,1.42151e-11
398,3.99e-05,399.302,1745625,1.74563e+08,1.82065e-18,9.09998e-19,0,1.15898e-18,1.42143e-11,1.42143e-11
399,4e-05,400.962,1750000,1.75e+08,1.82466e-18,9.12662e-19,0,1.16179e-18,1.42135e-11,1.42135e-11
400,4.01e-05,402.4,1754375,1.75438e+08,1.82975e-18,9.14999e-19,0,1.16524e-18,1.42128e-11,1.42128e-11
